fold,f1_score,precision_score,recall_score,wF1,wPrecision,wRecall,rep
0,0.591631390658628,0.6028534370946822,0.6224661849175467,0.643610810160106,0.6730438184663537,0.6619718309859155,0
